"","DRM_usedSnps","X.log10.DRM_pvals."
"1","actn3_r577x",0.529601958571581
"2","actn3_rs540874",0.0513889583162941
"3","actn3_rs1815739",0.150123847241631
"4","actn3_1671064",0.0127734912450838
"5","ardb1_1801253",0.114089569104538
"6","adrb2_1042713",0.245905641369934
"7","adrb2_1042714",0.0154267138758174
"8","adrb2_rs1042718",1.18211359266293
"9","agrp_5030980",0.0312834025811542
"10","akt1_g15129a",0.0342442555185579
"11","akt1_g14803t",0.34750505461888
"12","akt1_t10726c_t12868c",0.122942897659679
"13","akt1_t10598a_t12740a",0.0398130715670284
"14","akt1_c9756a_c11898t",0.0310867899859251
"15","akt1_t8407g",0.253327791308101
"16","akt1_a7699g",0.164300759300974
"17","akt1_c6148t_c8290t",0.893610079116933
"18","akt1_c6024t_c8166t",0.123219686184133
"19","akt1_c5854t_c7996t",0.103483208286948
"20","akt1_c832g_c3359g",0.472563731571207
"21","akt1_g288c",0.242462402848586
"22","akt1_g1780a_g363a",0.224254115419911
"23","akt1_g2347t_g205t",0.122838243631253
"24","akt1_g4362c",0.506316944052955
"25","akt1_c15676t",0.437899609813865
"26","akt1_a15756t",0.0776706080629829
"27","akt1_g20703a",0.0894016324256229
"28","akt1_g22187a",0.0169602015137141
"29","akt1_a22889g",0.117565237975017
"30","akt1_g23477a",0.0254778143386139
"31","akt2_7254617",0.478081412014742
"32","akt2_rs892118",0.323103345278482
"33","akt2_2304186",0.101349252494385
"34","akt2_969531",0.146965005873188
"35","ankrd6_a550t",6.26812853259637e-16
"36","ankrd6_g197805a",0.566052382794821
"37","bcl6_4686467",0.0702701148024699
"38","bcl6_3774298",0.857055212054398
"39","bcl6_17797517",0.363368439936085
"40","bcl6_1056932",0.898569518660241
"41","bmp2_rs15705",0.135028821822317
"42","bmp2_235768",0.0962488975219804
"43","c8orf68_rs6983944",0.136320565755783
"44","carp_a8470g",0.0637381847673711
"45","carp_c105t",0.172136051651542
"46","cast_rs754615",0.537952948441951
"47","cast_rs7724759",0.938093216695524
"48","cav2_q130e",0.0449508744846874
"49","cntf_g6a",0.130363705015157
"50","cox5b_11904110",0.242564085025259
"51","ctsf_572846",0.261259616393081
"52","ddit_rs1053227",0.533064557857262
"53","esr1_rs1801132",0.0170252865649379
"54","esr1_rs1042717",0.693759487461783
"55","esr1_rs2228480",1.10829125074813
"56","esr1_rs2077647",0.0782668615137178
"57","esr1_rs9340799",0.607352562396964
"58","esr1_rs2234693",0.884323810352982
"59","esr2_1256112",0.330953926312865
"60","esr2_3020450",0.271023308633033
"61","fatso",0.534479548302708
"62","fbox32_rs6690663",0.439397380174286
"63","fbox32_rs4871385",0.120431886406777
"64","fbox32_rs2891770",0.443563287863942
"65","fbox32_rs6983944",0.478925559920044
"66","fst_722910",0.796331704038478
"67","fstl1_rs9631455",1.34651848488641
"68","galntl1_rs8005903",0.179819341695885
"69","gnb3_rs5443",1.18575082193905
"70","gs_s287nga",0.0234232676487227
"71","hsd11b1_rs4844880",1.68263381282582
"72","hsd11b1_rs846907",6.26812853259637e-16
"73","igf1_pro",0.0642480233715012
"74","igf1_t1245c",0.937671093533145
"75","igf2_rs680",0.183683581813283
"76","igf2_3213221",0.184166161824401
"77","igf2_3213216",0.248032462582263
"78","igfbp3_6670",0.275671982324921
"79","igfbp3_2132570",0.010639578935613
"80","il15ra_3136618",0.405742360730445
"81","il15ra_2228059",0.619727669968184
"82","il15_1057972",0.848821252393235
"83","il15_rs2296135",1.25878033674776
"84","insig2_rs7566605",0.219033559633118
"85","kchj11_rs5219",0.302118081111369
"86","lep_2167270",0.414442139573154
"87","lepr_1137100",0.529975035153149
"88","lepr_1137101",0.888345357436711
"89","lepr_1805096",0.0114328624468583
"90","lrp5_snp4",0.695379782533882
"91","mgst3_4147542",0.610167984527068
"92","mulk_3757470",0.249612691493176
"93","mylk_c37885a",0.115433832154375
"94","mylk_g91689t",0.18654553466312
"95","myod1_rs2249104",0.820377200114559
"96","nnmt_g5082t",0.0867869329339059
"97","nos3_rs1799983",0.37969181080297
"98","nr3c1_rs10482616",0.525607556319062
"99","nr3c1_rs10482614",0.397857529679417
"100","nr3c1_rs4634384",0.624319544615703
"101","nr3c1_rs4582314",0.16655695150992
"102","opg_2073618",0.0729900353359762
"103","p2rx2_6560891",0.00084567612238961
"104","p2rx2_7966242",0.259838215598974
"105","p2ry2_rs1783596",0.113680863231899
"106","pai1_4g5g",0.557948694817492
"107","pcr15_snp1",6.26812853259637e-16
"108","pik3_rs3173908",2.16615926132822
"109","ppar_gp12a",0.652197242421887
"110","pparg_c1a_rs8192678",0.0786663784110917
"111","rankl_17458177",0.458241877868704
"112","rankl_17536280",0.667731623441862
"113","resistin_c398t",0.0780269960706672
"114","resistin_g540a",0.729529460458326
"115","resistin_c980g",2.28257013417589
"116","resistin_c180g",0.160248090336564
"117","rnf28_c16242t",0.241240758413362
"118","rs302964",0.196054575937109
"119","rs11630261",0.316841993128463
"120","slc35f1_rs12110370",0.0337145540860693
"121","slc35f1_rs10484290",0.0277589220298618
"122","syngr2_c886t",0.99223359187977
"123","tcfl72_12255372",0.754891251872135
"124","tcfl72_7903146",0.643620643738811
"125","tcfl72_rs12255372",0.775424389006695
"126","tcfl72_rs7903146",0.410207712053253
"127","tnni1_3738287",0.408860627429
"128","tpd52l1_3778458",0.926221792851283
"129","tpd52l1_514096",0.85871937094128
"130","ucp2_ct",1.26623091962149
"131","vdr_taq1",0.602812449135417
"132","vdr_fok1",0.0507846342799291
"133","vdr_bsm1",0.130274636962402
"134","vdr_rs731236",0.0199203614992503
